ra_game_id,title,category,achievements,ra_hashes,status,local_roms,local_releases,dat_entries,dat_games,nointro_db_files,nointro_db_titles,local_sources,other_platform_db
614,Makaimura for WonderSwan,Official,37,1,local,1,Makaimura for WonderSwan (Japan),1,Makaimura for WonderSwan (Japan),0,,"nointro,retroachievements",
620,Gunpey,Official,28,1,local,1,GunPey (Japan),1,GunPey (Japan),0,,"nointro,retroachievements",
2533,Tekken Card Challenge,Official,50,1,local,1,Tekken Card Challenge (Japan),1,Tekken Card Challenge (Japan),0,,"nointro,retroachievements",
14593,Rockman & Forte: Mirai Kara no Chousensha,Official,37,2,local,2,Rockman & Forte - Mirai Kara no Chousensha (Japan),1,Rockman & Forte - Mirai Kara no Chousensha (Japan),0,,"nointro,retroachievements",
14600,Ganso JaJaMaru-kun,Official,25,1,local,1,Ganso Jajamaru-kun (Japan),1,Ganso Jajamaru-kun (Japan),0,,nointro,
14601,Kaze no Klonoa: Moonlight Museum,Official,59,3,local,3,Kaze no Klonoa - Moonlight Museum (Japan),1,Kaze no Klonoa - Moonlight Museum (Japan),0,,"nointro,retroachievements",
14731,O-chan no Oekaki Logic,Official,38,1,local,1,Ou-chan no Oekaki Logic (Japan),1,Ou-chan no Oekaki Logic (Japan),0,,"nointro,retroachievements",
14873,Space Invaders,Official,12,1,local,1,Space Invaders (Japan),1,Space Invaders (Japan),0,,"nointro,retroachievements",
14874,Clock Tower,Official,47,2,local,1,Clock Tower for WonderSwan (Japan) (Rev 1),1,Clock Tower for WonderSwan (Japan) (Rev 1),0,,"nointro,retroachievements",
14876,Rainbow Islands: Putty's Party,Official,66,2,local,2,Rainbow Islands - Putty's Party (Japan),1,Rainbow Islands - Putty's Party (Japan),0,,"nointro,retroachievements",
14958,Final Lap 2000,Official,20,1,local,1,Final Lap 2000 (Japan),1,Final Lap 2000 (Japan),0,,"nointro,retroachievements",
15371,Slither Link,Official,16,1,local,1,Slither Link (Japan),1,Slither Link (Japan),0,,"nointro,retroachievements",
16143,Digimon Adventure 02: Tag Tamers,Official,55,2,local,2,Digimon Adventure 02 - Tag Tamers (Japan) (Rev 1),1,Digimon Adventure 02 - Tag Tamers (Japan) (Rev 1),0,,"nointro,retroachievements",
16149,Digital Monster: Ver. WonderSwan,Official,100,1,local,1,Digimon - Ver. WonderSwan (Hong Kong) (En),1,Digimon - Ver. WonderSwan (Hong Kong) (En),0,,"nointro,retroachievements",
16362,Chocobo no Fushigi na Dungeon for WonderSwan,Official,67,2,local,2,Chocobo no Fushigi na Dungeon for WonderSwan (Japan) (Rev 2),1,Chocobo no Fushigi na Dungeon for WonderSwan (Japan) (Rev 2),0,,"nointro,retroachievements",
17250,Lode Runner for WonderSwan,Official,144,1,local,1,Lode Runner for WonderSwan (Japan),1,Lode Runner for WonderSwan (Japan),0,,"nointro,retroachievements",
17551,Neon Genesis Evangelion: Shito Ikusei,Official,98,2,local,2,,0,,0,,retroachievements,
17830,Pocket Fighter,Official,28,1,local,1,Pocket Fighter (Japan),1,Pocket Fighter (Japan),0,,"nointro,retroachievements",
19382,Turntablist: DJ Battle,Official,30,1,local,1,Turntablist - DJ Battle (Japan),1,Turntablist - DJ Battle (Japan),0,,"nointro,retroachievements",
20348,Tane o Maku Tori,Official,15,1,local,1,D's Garage 21 Koubo Game - Tane o Maku Tori (Japan),1,D's Garage 21 Koubo Game - Tane o Maku Tori (Japan),0,,"nointro,retroachievements",
20516,Beatmania for WonderSwan,Official,38,1,local,1,beatmania for WonderSwan (Japan),1,beatmania for WonderSwan (Japan),0,,"nointro,retroachievements",
25087,Side Pocket for WonderSwan,Official,19,1,local,1,Side Pocket for WonderSwan (Japan),1,Side Pocket for WonderSwan (Japan),0,,"nointro,retroachievements",
25178,Shanghai Pocket,Official,31,1,local,1,Shanghai Pocket (Japan),1,Shanghai Pocket (Japan),0,,"nointro,retroachievements",
